-- Dummy Data for game_server_schema
-- Generated: 2026-05-25
-- 삽입 순서: guild → adventure → character → character_stat
--           → item_dictionary → item_instance → inventory → auction

SET NAMES utf8mb4;
SET FOREIGN_KEY_CHECKS = 0;

-- 기존 데이터 초기화 (FK 체크 비활성화 상태에서 역순 삭제)
TRUNCATE TABLE auction;
TRUNCATE TABLE inventory;
TRUNCATE TABLE item_instance;
TRUNCATE TABLE item_dictionary;
TRUNCATE TABLE character_stat;
TRUNCATE TABLE `character`;
TRUNCATE TABLE guild;
TRUNCATE TABLE adventure;

-- ==========================================
-- guild
-- ==========================================
INSERT INTO guild (guild_id, guild_name, guild_level, status) VALUES
(1, '불꽃기사단', 5, 0),
(2, '바람의날개', 3, 0),
(3, '어둠의계약', 7, 0);

-- ==========================================
-- adventure (모험단)
-- ==========================================
INSERT INTO adventure (adventure_id, adventure_name, status) VALUES
(1, '루시퍼',   0),
(2, '아이리스', 0),
(3, '카인',     0),
(4, '제로',     0),
(5, '블레이드', 0);

-- ==========================================
-- character
-- job_code: 1=귀검사(남) 2=귀검사(여) 3=격투가(남) 4=격투가(여)
--           5=거너(남)   6=거너(여)   7=마법사(남) 8=마법사(여)
--           9=프리스트(남) 10=프리스트(여)
-- state_code: 1=활성 0=비활성
-- ==========================================
INSERT INTO `character` (character_id, adventure_id, guild_id, job_code, nickname, state_code) VALUES
(1,  1, 1,    1, '루시퍼의검사',     1),
(2,  1, 1,    8, '루시퍼의마법사',   1),
(3,  2, 2,    4, '아이리스의격투가', 1),
(4,  2, NULL, 6, '아이리스의거너',   1),
(5,  3, 1,    9, '카인의프리스트',   1),
(6,  3, 3,    2, '카인의귀검사',     1),
(7,  4, 3,    5, '제로의거너',       1),
(8,  4, 2,    3, '제로의격투가',     1),
(9,  5, NULL, 7, '블레이드의마법사', 1),
(10, 5, 3,   10, '블레이드의사제',   0);

-- ==========================================
-- character_stat
-- ==========================================
INSERT INTO character_stat (character_id, level, hp_max, hp, mp_max, mp, is_alive, last_map_id) VALUES
(1,  85, 50000, 50000, 20000, 20000, 1, 1001),
(2,  72, 35000, 35000, 40000, 40000, 1, 1002),
(3,  90, 60000, 45000, 15000, 15000, 1, 2001),
(4,  68, 40000, 40000, 25000, 25000, 1, 1001),
(5,  55, 30000, 30000, 35000, 35000, 1, 3001),
(6,  99, 80000, 80000, 30000, 30000, 1, 4001),
(7,  77, 45000, 12000, 30000, 30000, 1, 2002),
(8,  43, 25000, 25000, 10000, 10000, 1, 1001),
(9,  61, 32000, 32000, 50000, 50000, 1, 3002),
(10, 33, 20000,     0, 12000,     0, 0, 1001);

-- ==========================================
-- item_dictionary
-- item_type: 1=무기 2=방어구(상의) 3=방어구(하의) 4=방어구(어깨)
--            5=방어구(벨트) 6=방어구(신발) 7=소비아이템 8=액세서리
-- ==========================================
INSERT INTO item_dictionary (item_dict_id, item_type, item_name, description) VALUES
(1,  1, '파멸의 대검',       '강력한 힘이 깃든 대검'),
(2,  1, '천둥의 권투글러브', '번개가 감도는 권투글러브'),
(3,  1, '광기의 자동권총',   '연사력이 높은 자동권총'),
(4,  1, '붉은 달의 완드',    '마력을 증폭시키는 완드'),
(5,  2, '용사의 갑옷',       '역대 용사들이 입던 갑옷'),
(6,  2, '빛의 로브',         '빛의 에너지를 담은 로브'),
(7,  3, '질풍의 바지',       '이동속도를 높여주는 바지'),
(8,  4, '강철의 어깨갑옷',   '방어력이 높은 어깨갑옷'),
(9,  6, '질풍의 단화',       '이동속도가 빠른 신발'),
(10, 7, '강화석 (하급)',     '장비 강화에 사용하는 돌'),
(11, 7, '강화석 (중급)',     '장비 강화에 사용하는 돌'),
(12, 7, '강화석 (상급)',     '장비 강화에 사용하는 돌'),
(13, 7, '회복 포션 (소)',    'HP를 1000 회복'),
(14, 7, '회복 포션 (대)',    'HP를 5000 회복'),
(15, 8, '운명의 반지',       '모든 스탯을 소폭 증가');

-- ==========================================
-- item_instance
-- inventory용 ID 1~15, auction용 ID 16~20
-- ==========================================
INSERT INTO item_instance (item_instance_id, item_dict_id, count, enhance_level) VALUES
(1,  1,  1, 12),   -- 파멸의 대검 +12
(2,  2,  1,  8),   -- 천둥의 권투글러브 +8
(3,  3,  1, 10),   -- 광기의 자동권총 +10
(4,  4,  1, 15),   -- 붉은 달의 완드 +15
(5,  5,  1,  5),   -- 용사의 갑옷 +5
(6,  6,  1,  3),   -- 빛의 로브 +3
(7,  7,  1,  0),   -- 질풍의 바지 +0
(8,  8,  1,  7),   -- 강철의 어깨갑옷 +7
(9,  9,  1,  2),   -- 질풍의 단화 +2
(10, 10, 50,  0),  -- 강화석 (하급) x50
(11, 11, 10,  0),  -- 강화석 (중급) x10
(12, 12,  3,  0),  -- 강화석 (상급) x3
(13, 13, 99,  0),  -- 회복 포션 (소) x99
(14, 14, 20,  0),  -- 회복 포션 (대) x20
(15, 15,  1,  0),  -- 운명의 반지
(16,  1,  1,  6),  -- 파멸의 대검 +6   (경매용)
(17,  4,  1, 11),  -- 붉은 달의 완드 +11 (경매용)
(18, 12,  5,  0),  -- 강화석 (상급) x5 (경매용)
(19,  3,  1,  9),  -- 광기의 자동권총 +9 (경매용)
(20, 15,  1,  0);  -- 운명의 반지      (경매용)

-- ==========================================
-- inventory
-- tab_type: 0=일반 탭, 1=장착 탭
-- ==========================================
INSERT INTO inventory (character_id, tab_type, slot_index, item_instance_id) VALUES
-- 캐릭터 1 (귀검사남) — 장착
(1, 1, 0, 1),   -- 파멸의 대검 +12
(1, 1, 1, 5),   -- 용사의 갑옷 +5
(1, 1, 2, 7),   -- 질풍의 바지 +0
(1, 1, 3, 9),   -- 질풍의 단화 +2
-- 캐릭터 1 — 일반
(1, 0, 0, 10),  -- 강화석 (하급) x50
(1, 0, 1, 13),  -- 회복 포션 (소) x99
-- 캐릭터 2 (마법사여) — 장착
(2, 1, 0, 4),   -- 붉은 달의 완드 +15
(2, 1, 1, 6),   -- 빛의 로브 +3
-- 캐릭터 2 — 일반
(2, 0, 0, 11),  -- 강화석 (중급) x10
(2, 0, 1, 14),  -- 회복 포션 (대) x20
-- 캐릭터 3 (격투가여) — 장착
(3, 1, 0, 2),   -- 천둥의 권투글러브 +8
(3, 1, 1, 8),   -- 강철의 어깨갑옷 +7
-- 캐릭터 4 (거너여) — 장착
(4, 1, 0, 3),   -- 광기의 자동권총 +10
-- 캐릭터 6 (귀검사여) — 일반
(6, 0, 0, 12),  -- 강화석 (상급) x3
(6, 0, 1, 15);  -- 운명의 반지

-- ==========================================
-- auction
-- trade_status: 0=판매 중, 1=판매 완료, 2=만료
-- ==========================================
INSERT INTO auction (auction_id, seller_id, item_instance_id, price, trade_status, expired_at) VALUES
(1, 6, 16, 15000000, 0, '2026-06-01 00:00:00'),  -- 파멸의 대검 +6     판매 중
(2, 2, 17, 80000000, 0, '2026-06-03 00:00:00'),  -- 붉은 달의 완드 +11 판매 중
(3, 1, 18,  3000000, 0, '2026-05-28 00:00:00'),  -- 강화석 (상급) x5   판매 중
(4, 4, 19, 25000000, 1, '2026-05-24 00:00:00'),  -- 광기의 자동권총 +9 판매 완료
(5, 9, 20,  5000000, 2, '2026-05-20 00:00:00');  -- 운명의 반지        만료

SET FOREIGN_KEY_CHECKS = 1;
